Date,Open,High,Low,Close,Adj Close,Volume
11/4/2016,39.720001,40.75,39.25,40.360001,40.360001,679351
12/4/2016,40.349998,42.25,40.09,42.169998,42.169998,796837
13/4/2016,41.630001,42.419998,41.240002,41.759998,41.759998,730437
14/4/2016,41.540001,42.16,40.84,41.5,41.5,488614
15/4/2016,41.43,41.73,39.98,40.360001,40.360001,520146
18/4/2016,38.75,40.240002,37.610001,39.779999,39.779999,342463
19/4/2016,40.040001,41.529999,39.580002,41.080002,41.080002,101734
20/4/2016,40.799999,42.91,39.849998,42.630001,42.630001,796240
21/4/2016,43.970001,44.490002,43.049999,43.18,43.18,671103
22/4/2016,43.419998,44.450001,43.110001,43.73,43.73,575107
25/4/2016,43.75,44.040001,42.580002,42.639999,42.639999,606383
26/4/2016,42.959999,44.830002,42.5,44.040001,44.040001,564392
27/4/2016,44.639999,45.619999,43.77,45.330002,45.330002,648028
28/4/2016,45.299999,46.139999,44.939999,46.029999,46.029999,487412
29/4/2016,45.900002,46.779999,45.240002,45.919998,45.919998,598439
2/5/2016,45.900002,46.150002,44.540001,44.779999,44.779999,464027
3/5/2016,44.919998,45.349998,43.32,43.650002,43.650002,625551
4/5/2016,43.849998,44.880001,43.220001,43.779999,43.779999,711125
5/5/2016,44.040001,46.07,43.959999,44.32,44.32,746159
6/5/2016,44.52,45.34,43.540001,44.66,44.66,695306
9/5/2016,45,45.939999,43.240002,43.439999,43.439999,767568
10/5/2016,43.25,44.790001,43.029999,44.66,44.66,709415
11/5/2016,44.599998,46.360001,43.959999,46.23,46.23,869957
12/5/2016,46,47.02,45.610001,46.700001,46.700001,715102
13/5/2016,46.41,46.490002,45.75,46.209999,46.209999,519363
16/5/2016,46.279999,47.98,46.150002,47.720001,47.720001,550863
17/5/2016,47.900002,48.759998,47.529999,48.310001,48.310001,470440
18/5/2016,48.529999,48.950001,47.75,48.189999,48.189999,343184
19/5/2016,47.869999,48.279999,46.73,48.16,48.16,108816
20/5/2016,48.200001,48.790001,47.439999,47.75,47.75,538047
23/5/2016,48.459999,48.5,47.400002,48.080002,48.080002,475453
24/5/2016,48.080002,49.27,47.639999,48.619999,48.619999,475965
25/5/2016,49.09,49.75,48.650002,49.560001,49.560001,550501
26/5/2016,49.700001,50.209999,49.220001,49.48,49.48,488465
27/5/2016,49.310001,49.599998,48.689999,49.330002,49.330002,406386
31/5/2016,49.540001,50.099998,48.810001,49.099998,49.099998,476988
1/6/2016,48.82,49.25,47.75,49.009998,49.009998,568839
2/6/2016,48.900002,49.470001,47.970001,49.169998,49.169998,564846
3/6/2016,49.040001,49.41,48.330002,48.619999,48.619999,481034
6/6/2016,48.880001,49.900002,48.709999,49.689999,49.689999,450472
7/6/2016,49.709999,50.529999,49.439999,50.360001,50.360001,542254
8/6/2016,50.41,51.619999,50.32,51.23,51.23,656416
9/6/2016,51.450001,51.669998,50.23,50.560001,50.560001,560723
10/6/2016,50.470001,50.73,48.799999,49.07,49.07,596119
13/6/2016,48.849998,49.279999,48.16,48.880001,48.880001,506036
14/6/2016,48.52,48.689999,47.84,48.490002,48.490002,456144
15/6/2016,47.900002,48.720001,47.279999,48.009998,48.009998,527870
16/6/2016,47.450001,47.75,45.91,46.209999,46.209999,507910
17/6/2016,45.990002,48.290001,45.830002,47.98,47.98,226653
20/6/2016,48.290001,49.419998,48.139999,49.369999,49.369999,98293
21/6/2016,49.139999,49.32,48.16,48.849998,48.849998,475407
22/6/2016,50.220001,50.540001,48.400002,49.130001,49.130001,569939
23/6/2016,49.080002,50.23,49.080002,50.110001,50.110001,401885
24/6/2016,50.299999,50.450001,46.700001,47.639999,47.639999,649446
27/6/2016,47.810001,47.959999,45.830002,46.330002,46.330002,504613
28/6/2016,46.59,48.18,46.540001,47.849998,47.849998,498851
29/6/2016,48.060001,50,47.98,49.880001,49.880001,511476
30/6/2016,49.549999,49.619999,48.169998,48.330002,48.330002,508736
1/7/2016,48.380001,49.299999,47.900002,48.990002,48.990002,405187
5/7/2016,49.110001,49.349998,46.330002,46.599998,46.599998,609194
6/7/2016,46.830002,47.950001,45.919998,47.43,47.43,607663
7/7/2016,47.880001,48.25,44.869999,45.139999,45.139999,710893
8/7/2016,45.189999,45.970001,44.77,45.41,45.41,583078
11/7/2016,45.07,45.77,44.419998,44.759998,44.759998,533657
12/7/2016,44.580002,46.93,44.509998,46.799999,46.799999,658257
13/7/2016,46.580002,46.709999,44.560001,44.75,44.75,686245
14/7/2016,45.139999,45.799999,44.950001,45.68,45.68,573761
15/7/2016,45.52,46.330002,45.049999,45.950001,45.950001,430256
18/7/2016,46.119999,46.139999,44.860001,45.240002,45.240002,211393
19/7/2016,45.23,45.669998,44.529999,44.650002,44.650002,128127
20/7/2016,44.59,45.25,43.689999,44.939999,44.939999,541014
21/7/2016,45.650002,46.09,44.52,44.75,44.75,432972
22/7/2016,44.599998,44.970001,43.740002,44.189999,44.189999,428407
25/7/2016,44.200001,44.369999,42.970001,43.130001,43.130001,389837
26/7/2016,43.07,43.389999,42.360001,42.919998,42.919998,461324
27/7/2016,42.66,43.200001,41.68,41.919998,41.919998,537390
28/7/2016,41.93,42.220001,41.040001,41.139999,41.139999,447913
29/7/2016,41.119999,41.669998,40.57,41.599998,41.599998,478763
1/8/2016,41.349998,41.880001,39.82,40.060001,40.060001,533020
2/8/2016,40.080002,40.91,39.259998,39.509998,39.509998,534512
3/8/2016,39.700001,41.200001,39.189999,40.830002,40.830002,655186
4/8/2016,41.16,42.080002,40.43,41.93,41.93,598836
5/8/2016,41.84,42.099998,41.060001,41.799999,41.799999,550189
8/8/2016,41.990002,43.389999,41.810001,43.02,43.02,562530
9/8/2016,42.830002,43.52,42.470001,42.77,42.77,624703
10/8/2016,42.740002,43.389999,41.419998,41.709999,41.709999,676148
11/8/2016,41.48,43.860001,41.099998,43.490002,43.490002,682235
12/8/2016,43.459999,44.779999,43.310001,44.490002,44.490002,536081
15/8/2016,44.740002,45.93,44.380001,45.740002,45.740002,522526
16/8/2016,45.59,46.73,45.34,46.580002,46.580002,550440
17/8/2016,46.369999,46.950001,45.84,46.790001,46.790001,563354
18/8/2016,46.900002,48.380001,46.630001,48.220001,48.220001,229277
19/8/2016,48.330002,48.75,47.93,48.52,48.52,162438
22/8/2016,48.400002,48.400002,46.75,47.049999,47.049999,515256
23/8/2016,47.389999,48.32,46.59,48.099998,48.099998,623904
24/8/2016,47.59,47.740002,46.450001,46.77,46.77,603495
25/8/2016,46.799999,47.459999,46.419998,47.330002,47.330002,458816
26/8/2016,47.369999,48.459999,46.939999,47.639999,47.639999,558344
29/8/2016,47.220001,47.279999,46.619999,46.98,46.98,309254
30/8/2016,46.98,47.490002,46.209999,46.349998,46.349998,464449
31/8/2016,46.240002,46.41,44.509998,44.700001,44.700001,549007
1/9/2016,44.849998,45.080002,43,43.16,43.16,605003
2/9/2016,43.549999,44.669998,43.16,44.439999,44.439999,576915
6/9/2016,44.150002,46.529999,43.84,44.830002,44.830002,932145
7/9/2016,44.849998,46.169998,44.549999,45.5,45.5,572884
8/9/2016,46.119999,47.75,45.77,47.619999,47.619999,761943
9/9/2016,47.360001,47.360001,45.560001,45.880001,45.880001,688191
12/9/2016,45.57,46.509998,44.720001,46.290001,46.290001,745016
13/9/2016,46.060001,46.130001,44.77,44.900002,44.900002,657775
14/9/2016,45,45.330002,43.419998,43.580002,43.580002,705861
15/9/2016,43.700001,44.34,43.259998,43.91,43.91,537185
16/9/2016,43.709999,43.75,42.740002,43.029999,43.029999,231191
19/9/2016,43.18,44.150002,43.119999,43.299999,43.299999,129857
20/9/2016,43.130001,44.049999,42.549999,43.439999,43.439999,694130
21/9/2016,44.5,45.650002,44.5,45.34,45.34,585987
22/9/2016,45.619999,46.52,45.52,46.32,46.32,521680
23/9/2016,46.07,46.549999,44.220001,44.48,44.48,718395
26/9/2016,44.619999,46.200001,44.43,45.93,45.93,527119
27/9/2016,45.619999,45.959999,44.189999,44.669998,44.669998,630757
28/9/2016,44.959999,47.450001,44.349998,47.049999,47.049999,1008434
29/9/2016,47.200001,48.32,46.599998,47.830002,47.830002,702649
30/9/2016,47.759998,48.299999,47.040001,48.240002,48.240002,496515
3/10/2016,48.040001,49.02,47.779999,48.810001,48.810001,458021
4/10/2016,48.650002,49.259998,48.259998,48.689999,48.689999,513710
5/10/2016,49.259998,49.970001,49.099998,49.830002,49.830002,520070
6/10/2016,49.650002,50.630001,49.330002,50.439999,50.439999,547915
7/10/2016,50.59,50.740002,49.400002,49.810001,49.810001,618809
11/10/2016,51.099998,51.540001,50.389999,50.790001,50.790001,765608
12/10/2016,50.84,51.169998,49.889999,50.18,50.18,533884
13/10/2016,50,50.59,49.360001,50.439999,50.439999,740676
14/10/2016,50.580002,51.139999,49.900002,50.349998,50.349998,519431
17/10/2016,50.23,50.580002,49.470001,49.939999,49.939999,418723
18/10/2016,50.040001,50.779999,49.759998,50.290001,50.290001,192803
19/10/2016,50.77,51.93,50.689999,51.599998,51.599998,132427
20/10/2016,51.400002,51.580002,50.25,50.43,50.43,548947
21/10/2016,50.66,51.02,50.209999,50.849998,50.849998,551300
24/10/2016,50.849998,50.98,49.619999,50.52,50.52,623398
25/10/2016,50.490002,50.93,49.27,49.959999,49.959999,553778
26/10/2016,49.310001,50.099998,48.869999,49.18,49.18,679320
27/10/2016,49.220001,50.060001,49,49.720001,49.720001,543173
28/10/2016,49.610001,49.810001,48.419998,48.700001,48.700001,550081
31/10/2016,48.25,48.740002,46.630001,46.860001,46.860001,649237
1/11/2016,46.77,47.349998,46.200001,46.669998,46.669998,834989
2/11/2016,46.32,46.470001,44.959999,45.34,45.34,674322
3/11/2016,45.48,45.900002,44.369999,44.66,44.66,540439
4/11/2016,44.630001,44.869999,43.57,44.07,44.07,736685
7/11/2016,44.450001,45.009998,44.110001,44.889999,44.889999,605733
8/11/2016,44.970001,45.389999,44.41,44.98,44.98,669639
9/11/2016,44.82,45.950001,43.07,45.27,45.27,946512
10/11/2016,45.310001,45.639999,44.25,44.66,44.66,686338
14/11/2016,43.200001,43.810001,42.200001,43.32,43.32,704766
15/11/2016,43.759998,46.09,43.549999,45.810001,45.810001,706177
16/11/2016,45.77,46.41,45.029999,45.57,45.57,658169
17/11/2016,45.369999,46.580002,44.880001,45.419998,45.419998,284874
18/11/2016,44.93,45.77,44.549999,45.689999,45.689999,155651
21/11/2016,45.830002,47.799999,45.77,47.490002,47.490002,665326
22/11/2016,48.369999,49.200001,47.169998,48.029999,48.029999,826208
23/11/2016,47.939999,48.43,47.400002,47.959999,47.959999,556861
25/11/2016,47.970001,48.259998,45.880001,46.060001,46.060001,465977
28/11/2016,45.43,47.650002,45.139999,47.080002,47.080002,734381
29/11/2016,46.880001,46.98,44.82,45.23,45.23,732818
30/11/2016,45.240002,49.900002,45.220001,49.439999,49.439999,1311000
1/12/2016,49.07,51.799999,48.98,51.060001,51.060001,974805
2/12/2016,51.009998,51.73,50.18,51.68,51.68,667099
5/12/2016,51.459999,52.419998,50.93,51.790001,51.790001,600782
6/12/2016,50.970001,51.599998,50.279999,50.93,50.93,642746
7/12/2016,50.93,51.200001,49.720001,49.77,49.77,816879
8/12/2016,49.880001,50.98,49.610001,50.84,50.84,780062
9/12/2016,50.919998,51.66,50.860001,51.5,51.5,652040
12/12/2016,52.580002,54.509998,52.18,52.830002,52.830002,847025
13/12/2016,52.509998,53.41,52.349998,52.98,52.98,638396
14/12/2016,52.450001,52.779999,50.669998,51.040001,51.040001,677957
15/12/2016,50.790001,51.48,49.950001,50.900002,50.900002,551759
16/12/2016,51.099998,52.080002,50.5,51.900002,51.900002,252567
19/12/2016,52.150002,52.52,51.509998,52.119999,52.119999,129990
20/12/2016,52.110001,52.700001,51.849998,52.23,52.23,416592
21/12/2016,53.560001,53.790001,52.32,52.490002,52.490002,471993
22/12/2016,52.52,53.189999,52.080002,52.950001,52.950001,393487
23/12/2016,52.68,53.279999,52.259998,53.02,53.02,285166
27/12/2016,53.290001,54.099998,53.029999,53.900002,53.900002,277306
28/12/2016,53.93,54.369999,53.560001,54.060001,54.060001,322535
29/12/2016,53.66,54.209999,53.459999,53.77,53.77,360194
30/12/2016,53.869999,54.09,53.41,53.720001,53.720001,271094
3/1/2017,54.200001,55.240002,52.110001,52.330002,52.330002,727793
4/1/2017,52.490002,53.43,52.150002,53.259998,53.259998,512641
5/1/2017,53.389999,54.119999,52.790001,53.759998,53.759998,517362
6/1/2017,53.73,54.32,53.32,53.990002,53.990002,528333
9/1/2017,53.75,53.830002,51.759998,51.959999,51.959999,564893
10/1/2017,51.830002,52.369999,50.709999,50.82,50.82,632573
11/1/2017,50.810001,52.779999,50.75,52.25,52.25,815846
12/1/2017,52.369999,53.5,52.119999,53.009998,53.009998,660703
13/1/2017,53.049999,53.169998,52.27,52.369999,52.369999,477986
17/1/2017,52.549999,53.52,52.119999,52.48,52.48,606023
18/1/2017,52.52,52.790001,50.91,51.080002,51.080002,236238
19/1/2017,51.389999,51.869999,51.02,51.369999,51.369999,122593
20/1/2017,51.450001,52.900002,51.389999,52.419998,52.419998,567231
23/1/2017,53.330002,53.470001,52.209999,52.75,52.75,455333
24/1/2017,52.860001,53.560001,52.669998,53.18,53.18,520285
25/1/2017,52.950001,53.470001,52.560001,52.75,52.75,589709
26/1/2017,52.959999,54.060001,52.790001,53.779999,53.779999,578065
27/1/2017,53.740002,54.080002,52.580002,53.169998,53.169998,495556
30/1/2017,53.150002,53.459999,52.41,52.630001,52.630001,486309
31/1/2017,52.599998,53.560001,52.240002,52.810001,52.810001,586676
1/2/2017,52.759998,53.91,52.639999,53.880001,53.880001,577243
2/2/2017,53.57,54.34,53.349998,53.540001,53.540001,492553
3/2/2017,53.68,54.220001,53.400002,53.830002,53.830002,462616
6/2/2017,53.810001,54.130001,52.91,53.009998,53.009998,425085
7/2/2017,53.139999,53.240002,51.630001,52.169998,52.169998,624057
8/2/2017,51.639999,52.669998,51.220001,52.34,52.34,767379
9/2/2017,52.369999,53.209999,52.369999,53,53,610196
10/2/2017,53.150002,54.130001,52.900002,53.860001,53.860001,596449
13/2/2017,53.799999,53.950001,52.77,52.93,52.93,586034
14/2/2017,52.91,53.720001,52.860001,53.200001,53.200001,493022
15/2/2017,53,53.509998,52.73,53.110001,53.110001,463638
16/2/2017,53.009998,53.59,52.68,53.360001,53.360001,343363
17/2/2017,53.470001,53.52,52.880001,53.400002,53.400002,195352
21/2/2017,53.48,54.68,53.349998,54.060001,54.060001,665310
22/2/2017,54.259998,54.599998,53.349998,53.59,53.59,499480
23/2/2017,53.91,54.939999,53.869999,54.450001,54.450001,529880
24/2/2017,54.330002,54.509998,53.759998,53.990002,53.990002,395258
27/2/2017,54.02,54.610001,53.939999,54.049999,54.049999,394380
28/2/2017,54.040001,54.23,53.18,54.009998,54.009998,593909
1/3/2017,53.950001,54.439999,53.630001,53.830002,53.830002,491289
2/3/2017,53.689999,53.799999,52.540001,52.610001,52.610001,638390
3/3/2017,52.580002,53.389999,52.549999,53.330002,53.330002,436360
6/3/2017,53.189999,53.560001,52.759998,53.200001,53.200001,503692
7/3/2017,53.169998,53.799999,52.709999,53.139999,53.139999,494677
8/3/2017,52.790001,52.919998,50.049999,50.279999,50.279999,963392
9/3/2017,50.220001,50.84,48.59,49.279999,49.279999,1073506
10/3/2017,49.610001,50.110001,48.310001,48.490002,48.490002,796960
13/3/2017,48.450001,48.68,47.900002,48.400002,48.400002,601362
14/3/2017,48.450001,48.790001,47.09,47.720001,47.720001,857711
15/3/2017,48.759998,49.040001,48.16,48.860001,48.860001,655788
16/3/2017,49.009998,49.619999,48.450001,48.75,48.75,516853
17/3/2017,48.790001,49.200001,48.599998,48.779999,48.779999,172340
20/3/2017,48.700001,48.740002,47.84,48.220001,48.220001,142258
21/3/2017,47.93,48.73,47.23,47.34,47.34,628119
22/3/2017,48.16,48.32,47.009998,48.040001,48.040001,680849
23/3/2017,48.150002,48.48,47.580002,47.700001,47.700001,499878
24/3/2017,47.669998,48.200001,47.540001,47.970001,47.970001,421027
27/3/2017,48.119999,48.279999,47.080002,47.73,47.73,466176
28/3/2017,47.889999,48.740002,47.799999,48.369999,48.369999,502377
29/3/2017,48.470001,49.630001,48.380001,49.509998,49.509998,548615
30/3/2017,49.599998,50.470001,49.27,50.349998,50.349998,580668
31/3/2017,50.32,50.849998,49.900002,50.599998,50.599998,527607
3/4/2017,50.689999,50.830002,50.119999,50.240002,50.240002,440724
4/4/2017,50.240002,51.299999,49.880001,51.029999,51.029999,532054
5/4/2017,51.18,51.880001,50.740002,51.150002,51.150002,651398
6/4/2017,50.799999,51.82,50.77,51.700001,51.700001,473019
7/4/2017,51.700001,52.939999,51.490002,52.240002,52.240002,796437
10/4/2017,52.310001,53.18,52.290001,53.080002,53.080002,565439
11/4/2017,53.130001,53.450001,52.700001,53.400002,53.400002,598003
12/4/2017,53.400002,53.759998,52.709999,53.110001,53.110001,629805
13/4/2017,52.849998,53.389999,52.82,53.18,53.18,480835
17/4/2017,52.970001,53.209999,52.549999,52.650002,52.650002,326340
18/4/2017,52.75,52.849998,52.099998,52.41,52.41,202043
19/4/2017,52.360001,52.650002,50.09,50.439999,50.439999,133173
20/4/2017,50.630001,50.970001,50.18,50.27,50.27,606263
21/4/2017,50.709999,50.93,49.200001,49.619999,49.619999,687474
24/4/2017,49.68,50.220001,49.029999,49.23,49.23,517897
25/4/2017,49.220001,49.830002,48.869999,49.560001,49.560001,587240
26/4/2017,49.360001,50.200001,48.939999,49.619999,49.619999,655717
27/4/2017,49.220001,49.43,48.200001,48.970001,48.970001,771189
28/4/2017,49.27,49.759998,48.799999,49.330002,49.330002,633992
1/5/2017,49.169998,49.32,48.59,48.84,48.84,364386
2/5/2017,48.779999,49.279999,47.349998,47.66,47.66,702375
3/5/2017,48.119999,48.23,47.299999,47.82,47.82,691319
4/5/2017,47.599998,47.75,45.290001,45.52,45.52,943959
5/5/2017,45.509998,46.68,43.759998,46.220001,46.220001,1021610
8/5/2017,46.349998,46.98,45.73,46.43,46.43,785055
9/5/2017,46.490002,46.779999,45.529999,45.880001,45.880001,701944
10/5/2017,46.18,47.779999,46.009998,47.330002,47.330002,819796
11/5/2017,47.389999,48.220001,47.34,47.830002,47.830002,661783
12/5/2017,47.810001,48.07,47.349998,47.84,47.84,537490
15/5/2017,47.849998,49.66,47.75,48.849998,48.849998,687153
16/5/2017,48.82,49.380001,48.169998,48.66,48.66,589212
17/5/2017,48.23,49.5,48.029999,49.07,49.07,650107
18/5/2017,48.93,49.599998,48.049999,49.349998,49.349998,242754
19/5/2017,49.279999,50.529999,49.279999,50.330002,50.330002,146452
22/5/2017,50.599998,51.060001,50.439999,50.73,50.73,564310
23/5/2017,51.040001,51.790001,50.57,51.470001,51.470001,584139
24/5/2017,51.439999,51.880001,51.029999,51.360001,51.360001,736341
25/5/2017,51.25,52,48.450001,48.900002,48.900002,1147389
26/5/2017,48.75,49.939999,48.18,49.799999,49.799999,763920
30/5/2017,49.93,50.279999,49.029999,49.66,49.66,663486
31/5/2017,49.650002,49.709999,47.73,48.32,48.32,779144
1/6/2017,48.630001,49.169998,47.900002,48.360001,48.360001,774478
2/6/2017,48.040001,48.189999,46.740002,47.66,47.66,802662
5/6/2017,47.709999,48.419998,46.860001,47.400002,47.400002,710199
6/6/2017,47.400002,48.400002,46.939999,48.189999,48.189999,825056
7/6/2017,47.98,48.23,45.650002,45.720001,45.720001,1182327
8/6/2017,45.849998,46.18,45.200001,45.639999,45.639999,927695
9/6/2017,45.709999,46.18,45.27,45.830002,45.830002,735933
12/6/2017,45.799999,46.709999,45.66,46.080002,46.080002,666765
13/6/2017,46.009998,46.57,45.560001,46.459999,46.459999,783320
14/6/2017,45.939999,46.490002,44.540001,44.73,44.73,924408
15/6/2017,44.689999,44.810001,44.220001,44.459999,44.459999,500938
16/6/2017,44.25,44.939999,44.240002,44.740002,44.740002,191824
19/6/2017,44.68,45.060001,44.049999,44.200001,44.200001,123943
20/6/2017,44.110001,44.400002,42.75,43.23,43.23,894104
21/6/2017,43.380001,44.200001,42.049999,42.529999,42.529999,1071747
22/6/2017,42.549999,43.32,42.259998,42.740002,42.740002,668830
23/6/2017,42.799999,43.200001,42.529999,43.009998,43.009998,690906
26/6/2017,43.16,43.650002,42.630001,43.380001,43.380001,661354
27/6/2017,43.490002,44.439999,43.32,44.240002,44.240002,759115
28/6/2017,43.700001,44.900002,43.669998,44.740002,44.740002,753375
29/6/2017,44.889999,45.450001,44.650002,44.93,44.93,768946
30/6/2017,44.889999,46.349998,44.880001,46.040001,46.040001,677408
3/7/2017,null,null,null,null,null,null
5/7/2017,47.040001,47.32,44.509998,45.130001,45.130001,1173581
6/7/2017,45.650002,46.529999,45.18,45.52,45.52,969676
7/7/2017,45.349998,45.419998,43.779999,44.23,44.23,975914
10/7/2017,44.349998,44.84,43.650002,44.400002,44.400002,848570
11/7/2017,44.580002,45.810001,43.830002,45.040001,45.040001,1010691
12/7/2017,45.740002,46.48,45.110001,45.490002,45.490002,963505
13/7/2017,45.439999,46.279999,44.990002,46.080002,46.080002,748971
14/7/2017,46.080002,46.740002,45.799999,46.540001,46.540001,742895
17/7/2017,46.68,46.880001,45.889999,46.02,46.02,560633
18/7/2017,45.990002,46.919998,45.810001,46.400002,46.400002,208420
19/7/2017,46.25,47.259998,46.139999,47.119999,47.119999,140677
20/7/2017,47.09,47.549999,46.66,46.790001,46.790001,720621
21/7/2017,46.91,47.209999,45.540001,45.77,45.77,769438
24/7/2017,45.619999,46.529999,45.400002,46.34,46.34,707910
25/7/2017,46.459999,48.66,46.380001,47.889999,47.889999,885700
26/7/2017,48.509998,48.869999,47.860001,48.75,48.75,887864
27/7/2017,48.700001,49.240002,48.25,49.040001,49.040001,880757
28/7/2017,49.169998,49.810001,48.860001,49.709999,49.709999,771225
31/7/2017,49.849998,50.41,49.18,50.169998,50.169998,781539
1/8/2017,50.209999,50.43,48.369999,49.16,49.16,1008583
2/8/2017,48.799999,49.650002,48.549999,49.59,49.59,847722
3/8/2017,49.59,49.959999,48.779999,49.029999,49.029999,837763
4/8/2017,48.950001,49.639999,48.5,49.580002,49.580002,745664
7/8/2017,49.59,49.73,48.540001,49.389999,49.389999,831374
8/8/2017,49.310001,49.790001,48.860001,49.169998,49.169998,924240
9/8/2017,49,49.720001,48.900002,49.560001,49.560001,858250
10/8/2017,49.68,50.220001,48.349998,48.59,48.59,1135440
11/8/2017,48.52,48.98,47.98,48.82,48.82,804237
14/8/2017,48.790001,49.16,47.43,47.59,47.59,763241
15/8/2017,47.490002,47.900002,47.02,47.549999,47.549999,770358
16/8/2017,47.720001,47.990002,46.669998,46.779999,46.779999,815544
17/8/2017,46.799999,47.189999,46.459999,47.09,47.09,608314
18/8/2017,46.93,48.740002,46.779999,48.509998,48.509998,253069
21/8/2017,48.720001,48.75,47.029999,47.369999,47.369999,129192
22/8/2017,47.450001,48.029999,47.200001,47.639999,47.639999,864387
23/8/2017,47.639999,48.5,47.529999,48.41,48.41,701693
24/8/2017,48.360001,48.43,47.060001,47.43,47.43,831358
25/8/2017,47.619999,47.91,47.389999,47.869999,47.869999,646518
28/8/2017,47.889999,48.200001,46.150002,46.57,46.57,921285
29/8/2017,46.860001,46.959999,45.759998,46.439999,46.439999,895643
30/8/2017,46.310001,46.720001,45.84,45.959999,45.959999,895643
31/8/2017,45.950001,47.470001,45.580002,47.23,47.23,882983
1/9/2017,47.080002,47.349998,46.560001,47.290001,47.290001,915708
5/9/2017,47.279999,48.98,47.150002,48.66,48.66,742808
6/9/2017,48.59,49.419998,48.52,49.16,49.16,788963
7/9/2017,49.139999,49.330002,48.630001,49.09,49.09,702514
8/9/2017,49.09,49.259998,47.27,47.48,47.48,843760
11/9/2017,47.580002,48.27,47,48.07,48.07,774468
12/9/2017,48.119999,48.439999,47.73,48.23,48.23,676040
13/9/2017,48.34,49.400002,48.119999,49.299999,49.299999,706925
14/9/2017,49.310001,50.5,49.150002,49.889999,49.889999,709035
15/9/2017,49.720001,50.130001,49.41,49.889999,49.889999,433597
18/9/2017,49.849998,50.330002,49.189999,49.91,49.91,189605
19/9/2017,49.91,50.419998,49.330002,49.48,49.48,143379
20/9/2017,49.84,50.650002,49.75,50.41,50.41,754413
21/9/2017,50.720001,50.810001,50.07,50.549999,50.549999,580569
22/9/2017,50.73,50.779999,50.290001,50.66,50.66,473795
25/9/2017,50.68,52.279999,50.389999,52.220001,52.220001,701244
26/9/2017,52.119999,52.43,51.43,51.880001,51.880001,709515
27/9/2017,52.09,52.34,51.630001,52.139999,52.139999,637035
28/9/2017,52.049999,52.860001,51.220001,51.560001,51.560001,801816
29/9/2017,51.580002,51.77,51.25,51.669998,51.669998,551982
2/10/2017,51.639999,51.709999,50.07,50.580002,50.580002,600933
3/10/2017,50.59,50.73,50.139999,50.419998,50.419998,462735
4/10/2017,50.16,50.669998,49.759998,49.98,49.98,598836
5/10/2017,49.880001,51.220001,49.849998,50.790001,50.790001,654385
6/10/2017,50.75,50.82,49.099998,49.290001,49.290001,743114
9/10/2017,49.25,49.790001,49.130001,49.580002,49.580002,505079
10/10/2017,49.549999,51.060001,49.540001,50.919998,50.919998,664839
11/10/2017,50.939999,51.419998,50.610001,51.299999,51.299999,651948
12/10/2017,51,51.130001,50.150002,50.599998,50.599998,729273
13/10/2017,50.73,51.720001,50.700001,51.450001,51.450001,667497
16/10/2017,51.43,52.369999,51.349998,51.869999,51.869999,520725
17/10/2017,51.93,52.25,51.209999,51.880001,51.880001,471612
18/10/2017,51.939999,52.330002,51.689999,52.040001,52.040001,152620
19/10/2017,52.049999,52.169998,51.07,51.290001,51.290001,127413
20/10/2017,51.419998,51.73,50.700001,51.470001,51.470001,674142
23/10/2017,52.07,52.299999,51.68,51.900002,51.900002,583563
24/10/2017,51.889999,52.619999,51.549999,52.470001,52.470001,709553
25/10/2017,52.560001,52.57,51.889999,52.18,52.18,681739
26/10/2017,52.189999,52.860001,51.91,52.639999,52.639999,594647
27/10/2017,52.799999,54.200001,52.25,53.900002,53.900002,730915
30/10/2017,54.16,54.459999,53.75,54.150002,54.150002,565043
31/10/2017,54.080002,54.849998,53.93,54.380001,54.380001,497295
1/11/2017,54.650002,55.220001,53.889999,54.299999,54.299999,671038
2/11/2017,54.279999,54.84,53.990002,54.540001,54.540001,482846
3/11/2017,54.73,55.759998,54.400002,55.639999,55.639999,614159
6/11/2017,55.970001,57.610001,55.66,57.349998,57.349998,861713
7/11/2017,57.27,57.689999,56.830002,57.200001,57.200001,750187
8/11/2017,56.959999,57.919998,56.41,56.810001,56.810001,919147
9/11/2017,56.849998,57.529999,56.689999,57.169998,57.169998,666949
10/11/2017,57.02,57.349998,56.549999,56.740002,56.740002,541296
13/11/2017,56.900002,57.150002,56.299999,56.759998,56.759998,631619
14/11/2017,56.720001,56.77,54.810001,55.700001,55.700001,707338
15/11/2017,55.060001,55.560001,54.880001,55.330002,55.330002,501385
16/11/2017,55.299999,55.619999,54.93,55.139999,55.139999,213923
17/11/2017,55.25,56.68,55.18,56.549999,56.549999,184944
20/11/2017,56.689999,56.759998,55.57,56.09,56.09,593241
21/11/2017,56.380001,57.220001,56.32,56.830002,56.830002,619066
22/11/2017,57.119999,58.150002,57.029999,58.02,58.02,837411
24/11/2017,null,null,null,null,null,null
27/11/2017,58.950001,58.990002,57.549999,58.110001,58.110001,690078
28/11/2017,57.860001,58.110001,57.419998,57.990002,57.990002,546526
29/11/2017,57.73,58.299999,56.75,57.299999,57.299999,741564
30/11/2017,57.41,57.98,56.82,57.400002,57.400002,735128
1/12/2017,57.419998,58.880001,57.290001,58.360001,58.360001,685215
4/12/2017,58.32,58.34,57.349998,57.470001,57.470001,529965
5/12/2017,57.48,57.919998,57.080002,57.619999,57.619999,499245
6/12/2017,57.450001,57.57,55.869999,55.959999,55.959999,678992
7/12/2017,56,56.779999,55.82,56.689999,56.689999,557325
8/12/2017,56.650002,57.790001,56.540001,57.360001,57.360001,681599
11/12/2017,57.25,58.080002,56.91,57.990002,57.990002,606724
12/12/2017,58.02,58.560001,56.849998,57.139999,57.139999,826488
13/12/2017,57.450001,57.830002,56.549999,56.599998,56.599998,658143
14/12/2017,56.700001,57.220001,56.09,57.040001,57.040001,580571
15/12/2017,57.150002,57.490002,56.939999,57.299999,57.299999,210054
18/12/2017,57.369999,57.779999,56.82,57.16,57.16,137151
19/12/2017,57.299999,57.639999,57.16,57.459999,57.459999,420784
20/12/2017,57.66,58.119999,57.439999,58.09,58.09,420844
21/12/2017,58.02,58.380001,57.630001,58.360001,58.360001,405320
22/12/2017,58.209999,58.5,57.869999,58.470001,58.470001,324554
26/12/2017,58.400002,60.009998,58.32,59.970001,59.970001,437785
27/12/2017,59.790001,59.93,59.330002,59.639999,59.639999,402396
28/12/2017,59.529999,59.939999,59.439999,59.84,59.84,345962
29/12/2017,59.91,60.509998,59.82,60.419998,60.419998,464478
2/1/2018,60.200001,60.740002,60.099998,60.369999,60.369999,510313
3/1/2018,60.389999,61.970001,60.279999,61.630001,61.630001,673859
4/1/2018,61.959999,62.209999,61.59,62.009998,62.009998,654363
5/1/2018,61.900002,62.040001,61.09,61.439999,61.439999,563036
8/1/2018,61.610001,61.970001,61.34,61.73,61.73,616474
9/1/2018,61.919998,63.48,61.799999,62.959999,62.959999,844720
10/1/2018,63.41,63.669998,63.09,63.57,63.57,697844
11/1/2018,63.5,64.769997,63.43,63.799999,63.799999,876642
12/1/2018,63.57,64.5,63.060001,64.300003,64.300003,678727
16/1/2018,64.43,64.889999,63.389999,63.73,63.73,867771
17/1/2018,63.889999,64.169998,63.310001,63.970001,63.970001,444384
18/1/2018,64.07,64.349998,63.470001,63.950001,63.950001,204504
19/1/2018,63.740002,63.77,62.849998,63.369999,63.369999,142711
22/1/2018,63.610001,64.139999,63.169998,63.490002,63.490002,625662
23/1/2018,63.880001,64.879997,63.700001,64.470001,64.470001,662456
24/1/2018,64.419998,66.050003,64.339996,65.610001,65.610001,887018
25/1/2018,65.879997,66.660004,65.080002,65.510002,65.510002,771758
26/1/2018,65.25,66.349998,64.910004,66.139999,66.139999,678186
29/1/2018,66.18,66.459999,64.980003,65.559998,65.559998,656168
30/1/2018,65.529999,65.559998,63.889999,64.5,64.5,688380
31/1/2018,64.029999,64.940002,63.669998,64.730003,64.730003,613258
1/2/2018,64.760002,66.25,64.629997,65.800003,65.800003,685750
2/2/2018,65.989998,66.300003,64.470001,65.449997,65.449997,857572
5/2/2018,65.099998,65.400002,63.419998,64.150002,64.150002,891063
6/2/2018,63.43,64.290001,63.119999,63.389999,63.389999,797814
7/2/2018,63.919998,64.18,61.25,61.790001,61.790001,1029408
8/2/2018,61.700001,62.09,60.27,61.150002,61.150002,929578
9/2/2018,60.43,60.77,58.07,59.200001,59.200001,933307
12/2/2018,59.119999,60.830002,59.099998,59.290001,59.290001,736917
13/2/2018,59.349998,59.73,58.389999,59.189999,59.189999,580600
14/2/2018,58.98,60.900002,58.200001,60.599998,60.599998,650324
15/2/2018,60.709999,61.639999,59.720001,61.34,61.34,340401
16/2/2018,61.450001,61.990002,60.880001,61.68,61.68,181179
20/2/2018,61.630001,62.740002,61.580002,61.900002,61.900002,794481
21/2/2018,61.630001,61.860001,60.919998,61.68,61.68,466924
22/2/2018,61.34,63.09,60.75,62.77,62.77,592603
23/2/2018,62.599998,63.73,62.330002,63.549999,63.549999,460597
26/2/2018,63.599998,64.239998,63.060001,63.91,63.91,469853
27/2/2018,64.059998,64.080002,62.639999,63.009998,63.009998,562670
28/2/2018,62.790001,63.439999,61.360001,61.639999,61.639999,768409
1/3/2018,61.549999,61.830002,60.18,60.990002,60.990002,812505
2/3/2018,61.34,61.599998,60.130001,61.25,61.25,613514
5/3/2018,61.549999,62.790001,61.099998,62.57,62.57,599266
6/3/2018,62.580002,63.279999,62.169998,62.599998,62.599998,634953
7/3/2018,62.299999,62.580002,60.580002,61.150002,61.150002,879119
8/3/2018,61.330002,61.400002,59.950001,60.119999,60.119999,720510
9/3/2018,60.27,62.18,60.139999,62.040001,62.040001,659722
12/3/2018,62.099998,62.330002,60.669998,61.360001,61.360001,537990
13/3/2018,61.369999,61.970001,60.27,60.709999,60.709999,747738
14/3/2018,60.869999,61.330002,60.110001,60.959999,60.959999,665017
15/3/2018,60.950001,61.540001,60.82,61.189999,61.189999,430201
16/3/2018,61.189999,62.540001,61.080002,62.34,62.34,202493
19/3/2018,62.23,62.349998,61.360001,62.060001,62.060001,115962
20/3/2018,62.099998,63.810001,62.080002,63.400002,63.400002,717709
21/3/2018,63.720001,65.550003,63.580002,65.169998,65.169998,763768
22/3/2018,65.5,65.739998,64.139999,64.300003,64.300003,689172
23/3/2018,64.279999,66,64.110001,65.879997,65.879997,752994
26/3/2018,65.900002,66.550003,65.080002,65.550003,65.550003,585899
27/3/2018,65.529999,66.410004,64.529999,65.25,65.25,670811
28/3/2018,64.699997,65.129997,63.720001,64.379997,64.379997,697678
29/3/2018,64.690002,65.260002,64.160004,64.940002,64.940002,562819
2/4/2018,64.910004,65.419998,62.799999,63.009998,63.009998,582742
3/4/2018,62.889999,63.860001,62.860001,63.509998,63.509998,527289
4/4/2018,63.59,63.639999,62.060001,63.369999,63.369999,760596
5/4/2018,63.599998,64.120003,63.07,63.540001,63.540001,588597
6/4/2018,63.700001,63.790001,61.810001,62.060001,62.060001,753262
9/4/2018,62,63.610001,61.93,63.419998,63.419998,655831
10/4/2018,63.299999,65.860001,63.200001,65.510002,65.510002,840280
11/4/2018,65.589996,67.449997,65.150002,66.82,66.82,963017
12/4/2018,66.75,67.330002,66,67.07,67.07,687468
13/4/2018,67.18,67.760002,66.699997,67.389999,67.389999,624203
16/4/2018,67.239998,67.739998,66.129997,66.220001,66.220001,560076
17/4/2018,66.419998,66.75,65.559998,66.519997,66.519997,486076
18/4/2018,66.68,68.910004,66.559998,68.470001,68.470001,221664
19/4/2018,68.75,69.559998,67.980003,68.290001,68.290001,125993
20/4/2018,68.260002,68.620003,67.5,68.379997,68.379997,724906
23/4/2018,68.220001,69.029999,67.139999,68.639999,68.639999,740941
24/4/2018,68.949997,69.379997,67.540001,67.699997,67.699997,832296
25/4/2018,67.75,68.18,67.110001,68.050003,68.050003,764049
26/4/2018,68.029999,68.779999,67.709999,68.190002,68.190002,660549
27/4/2018,68.209999,68.360001,67.639999,68.099998,68.099998,542549
30/4/2018,68.150002,69.339996,67.169998,68.57,68.57,755186
1/5/2018,68.559998,68.900002,66.849998,67.25,67.25,694771
2/5/2018,67.489998,68.139999,66.919998,67.93,67.93,789367
3/5/2018,67.68,68.599998,67.209999,68.43,68.43,691219
4/5/2018,68.5,69.970001,68.120003,69.720001,69.720001,690876
7/5/2018,69.849998,70.839996,69.510002,70.730003,70.730003,758916
8/5/2018,70.029999,70.400002,67.629997,69.059998,69.059998,1253566
9/5/2018,70.050003,71.360001,69.849998,71.139999,71.139999,863386
10/5/2018,71.230003,71.889999,70.559998,71.360001,71.360001,749808
11/5/2018,71.449997,71.629997,70.449997,70.699997,70.699997,634145
14/5/2018,70.540001,71.260002,70.260002,70.959999,70.959999,592826
15/5/2018,71.150002,71.919998,70.419998,71.309998,71.309998,815289
16/5/2018,71.019997,71.589996,70.660004,71.489998,71.489998,574279
17/5/2018,71.559998,72.300003,71.089996,71.489998,71.489998,562639
18/5/2018,71.599998,71.75,70.989998,71.279999,71.279999,211785
21/5/2018,71.470001,72.589996,71.25,72.239998,72.239998,119892
22/5/2018,72.529999,72.830002,71.900002,72.129997,72.129997,723458
23/5/2018,72.110001,72.260002,71.190002,71.839996,71.839996,702791
24/5/2018,71.830002,72,70.519997,70.709999,70.709999,640725
25/5/2018,70.650002,70.800003,67.419998,67.879997,67.879997,955354
29/5/2018,66.489998,67.349998,65.919998,66.730003,66.730003,1059750
30/5/2018,66.849998,68.669998,66.349998,68.209999,68.209999,726886
31/5/2018,68.239998,68.300003,66.559998,67.040001,67.040001,917563
1/6/2018,67.07,67.339996,65.510002,65.809998,65.809998,781103
4/6/2018,65.709999,66.040001,64.57,64.75,64.75,696050
5/6/2018,64.940002,65.57,64.220001,65.519997,65.519997,714674
6/6/2018,65.510002,65.959999,64.269997,64.730003,64.730003,708829
7/6/2018,65.07,66.07,64.809998,65.949997,65.949997,675041
8/6/2018,65.980003,66.239998,65.150002,65.739998,65.739998,571224
11/6/2018,65.559998,66.349998,64.849998,66.099998,66.099998,558281
12/6/2018,66.050003,66.699997,65.870003,66.360001,66.360001,524411
13/6/2018,66.010002,66.889999,65.519997,66.639999,66.639999,626398
14/6/2018,66.620003,67.160004,66.360001,66.889999,66.889999,460168
15/6/2018,66.620003,67.160004,64.290001,65.059998,65.059998,512591
18/6/2018,64.400002,65.980003,63.59,65.849998,65.849998,218933
19/6/2018,65.82,65.900002,64.389999,65.07,65.07,122646
20/6/2018,65.110001,66.529999,65.010002,66.220001,66.220001,801625
21/6/2018,65.339996,66.220001,64.339996,65.540001,65.540001,760719
22/6/2018,65.93,69.379997,65.709999,68.580002,68.580002,1136232
25/6/2018,68.75,69.440002,67.779999,68.080002,68.080002,816207
26/6/2018,68.209999,70.910004,67.720001,70.529999,70.529999,848537
27/6/2018,70.68,73.059998,70.559998,72.760002,72.760002,775155
28/6/2018,72.269997,74.029999,72.199997,73.449997,73.449997,717347
29/6/2018,73.330002,74.459999,72.93,74.150002,74.150002,602399
2/7/2018,73.620003,74.349998,72.510002,73.940002,73.940002,652167
3/7/2018,null,null,null,null,null,null
5/7/2018,74.349998,74.800003,72.529999,72.940002,72.940002,841632
6/7/2018,73.160004,74.010002,72.139999,73.800003,73.800003,611419
9/7/2018,73.870003,74.279999,72.989998,73.849998,73.849998,533003
10/7/2018,74.040001,74.699997,73.650002,74.110001,74.110001,586829
11/7/2018,74.199997,74.260002,70.019997,70.379997,70.379997,861726
12/7/2018,70.599998,71.239998,69.230003,70.330002,70.330002,707887
13/7/2018,70.379997,71.660004,69.839996,71.010002,71.010002,530277
16/7/2018,70.519997,70.870003,67.580002,68.059998,68.059998,530480
17/7/2018,68.029999,68.440002,67.029999,68.080002,68.080002,440727
18/7/2018,67.610001,69.059998,67.040001,68.760002,68.760002,187313
19/7/2018,69,70.169998,67.800003,69.459999,69.459999,103220
20/7/2018,69.389999,71.099998,69.370003,70.459999,70.459999,500967
23/7/2018,68.169998,69.309998,67.599998,67.889999,67.889999,555915
24/7/2018,67.800003,69.050003,67.559998,68.519997,68.519997,524591
25/7/2018,68.769997,69.699997,68.199997,69.300003,69.300003,622913
26/7/2018,69.379997,69.919998,68.919998,69.610001,69.610001,489059
27/7/2018,69.580002,69.769997,68.260002,68.690002,68.690002,460450
30/7/2018,69.010002,70.43,68.800003,70.129997,70.129997,463011
31/7/2018,70.050003,70.220001,67.980003,68.760002,68.760002,519070
1/8/2018,68.43,68.519997,67.309998,67.660004,67.660004,576561
2/8/2018,67.860001,69.360001,66.919998,68.959999,68.959999,531071
3/8/2018,68.989998,69.239998,67.870003,68.489998,68.489998,476615
6/8/2018,68.650002,69.919998,68.5,69.010002,69.010002,495605
7/8/2018,68.900002,69.830002,68.809998,69.169998,69.169998,485027
8/8/2018,69.089996,69.370003,66.32,66.940002,66.940002,760313
9/8/2018,66.790001,67.410004,66.489998,66.809998,66.809998,509401
10/8/2018,66.739998,67.870003,66.139999,67.629997,67.629997,524490
13/8/2018,67.779999,67.949997,65.709999,67.199997,67.199997,578219
14/8/2018,67.419998,68.370003,66.580002,67.040001,67.040001,538484
15/8/2018,66.620003,66.900002,64.510002,65.010002,65.010002,573473
16/8/2018,64.949997,65.519997,64.43,65.459999,65.459999,383380
17/8/2018,65.470001,66.389999,65.300003,65.910004,65.910004,171403
20/8/2018,65.910004,66.68,65.589996,66.43,66.43,112709
21/8/2018,66.620003,68.099998,66.519997,67.349998,67.349998,437164
22/8/2018,66.080002,68.150002,65.980003,67.860001,67.860001,581899
23/8/2018,68.07,68.120003,67.32,67.830002,67.830002,450690
24/8/2018,67.900002,69.309998,67.779999,68.720001,68.720001,517796
27/8/2018,68.57,68.970001,68.339996,68.870003,68.870003,332612
28/8/2018,68.93,69.199997,68.209999,68.529999,68.529999,426833
29/8/2018,68.540001,69.760002,68.370003,69.510002,69.510002,497095
30/8/2018,69.709999,70.5,69.550003,70.25,70.25,445584
31/8/2018,70.059998,70.360001,69.639999,69.800003,69.800003,419739
4/9/2018,70.120003,71.400002,69.080002,69.870003,69.870003,785981
5/9/2018,69.43,69.589996,68.559998,68.720001,68.720001,542104
6/9/2018,68.639999,69.019997,67,67.769997,67.769997,633824
7/9/2018,67.879997,68.080002,66.860001,67.75,67.75,530895
10/9/2018,67.82,68.519997,67.330002,67.540001,67.540001,571174
11/9/2018,67.529999,70.010002,67.480003,69.25,69.25,676869
12/9/2018,69.889999,71.260002,69.5,70.370003,70.370003,800543
13/9/2018,70.239998,70.279999,68.349998,68.589996,68.589996,684937
14/9/2018,68.790001,69.910004,67.940002,68.989998,68.989998,611075
17/9/2018,68.93,69.720001,68.529999,68.910004,68.910004,422294
18/9/2018,68.800003,70.419998,68.529999,69.849998,69.849998,234202
19/9/2018,69.709999,71.5,69.650002,71.120003,71.120003,125208
20/9/2018,71.389999,71.809998,70.730003,70.800003,70.800003,607520
21/9/2018,70.199997,71.800003,69.980003,70.779999,70.779999,855943
24/9/2018,71.139999,72.739998,71.139999,72.080002,72.080002,576894
25/9/2018,72.25,72.779999,71.889999,72.279999,72.279999,551280
26/9/2018,72.089996,72.379997,71.470001,71.57,71.57,464463
27/9/2018,72.010002,72.599998,71.709999,72.120003,72.120003,454549
28/9/2018,72.18,73.730003,71.879997,73.25,73.25,544047
1/10/2018,73.290001,75.769997,72.949997,75.300003,75.300003,601451
2/10/2018,75.419998,75.910004,74.93,75.230003,75.230003,463615
3/10/2018,75.120003,76.900002,74.300003,76.410004,76.410004,698817
4/10/2018,76.18,76.470001,73.879997,74.330002,74.330002,687949
5/10/2018,74.669998,75.220001,73.839996,74.339996,74.339996,613218
8/10/2018,74.400002,74.580002,73.07,74.290001,74.290001,554938
9/10/2018,74.209999,75.279999,74,74.959999,74.959999,623537
10/10/2018,74.660004,75.080002,72.379997,73.169998,73.169998,652737
11/10/2018,72.68,72.760002,70.510002,70.970001,70.970001,783962
12/10/2018,70.989998,72.010002,70.639999,71.339996,71.339996,626668
15/10/2018,71.849998,72.699997,70.849998,71.779999,71.779999,568610
16/10/2018,71.720001,72.290001,71.019997,71.919998,71.919998,535003
17/10/2018,72.169998,72.43,69.43,69.75,69.75,651584
18/10/2018,70.029999,70.029999,68.470001,68.650002,68.650002,215337
19/10/2018,68.68,69.769997,68.559998,69.120003,69.120003,108311
22/10/2018,69.410004,69.650002,68.269997,69.169998,69.169998,513770
23/10/2018,69.550003,69.660004,65.739998,66.43,66.43,853265
24/10/2018,66.169998,67.720001,66.050003,66.82,66.82,775963
25/10/2018,66.360001,67.650002,65.989998,67.330002,67.330002,573096
26/10/2018,66.949997,67.879997,66.199997,67.589996,67.589996,595211
29/10/2018,67.550003,67.949997,66.290001,67.040001,67.040001,477487
30/10/2018,66.68,67.260002,65.330002,66.18,66.18,680441
31/10/2018,66.32,67,64.809998,65.309998,65.309998,666487
1/11/2018,64.879997,65.389999,63.110001,63.689999,63.689999,790286
2/11/2018,63.5,63.950001,62.630001,63.139999,63.139999,708906
5/11/2018,62.990002,64.139999,62.52,63.099998,63.099998,609129
6/11/2018,62.700001,63.32,61.310001,62.209999,62.209999,761240
7/11/2018,61.740002,63.18,61.200001,61.669998,61.669998,866628
8/11/2018,61.639999,62.419998,60.400002,60.669998,60.669998,764546
9/11/2018,60.75,60.790001,59.259998,60.189999,60.189999,821729
12/11/2018,60.700001,61.279999,58.68,59.93,59.93,806219
13/11/2018,58.880001,59.349998,54.75,55.689999,55.689999,1095643
14/11/2018,55.27,57.369999,55.130001,56.25,56.25,844696
15/11/2018,56.02,57.259998,55.59,56.459999,56.459999,256499
16/11/2018,56.580002,57.959999,55.889999,56.459999,56.459999,159001
19/11/2018,56.720001,57.330002,55.080002,56.759998,56.759998,699684
20/11/2018,57.389999,57.439999,52.77,53.43,53.43,983120
21/11/2018,53.389999,55.860001,53.389999,54.630001,54.630001,734277
23/11/2018,null,null,null,null,null,null
26/11/2018,50.619999,52.25,50.099998,51.630001,51.630001,663108
27/11/2018,51.540001,52.380001,50.299999,51.560001,51.560001,764010
28/11/2018,52.09,52.560001,50.060001,50.290001,50.290001,831688
29/11/2018,50.310001,52.200001,49.41,51.450001,51.450001,812721
30/11/2018,51.27,51.790001,49.650002,50.93,50.93,796714
3/12/2018,52.450001,53.849998,52.029999,52.950001,52.950001,758010
4/12/2018,53.130001,54.549999,52.43,53.25,53.25,738130
6/12/2018,52.93,53.299999,50.080002,51.490002,51.490002,987266
7/12/2018,51.759998,54.220001,50.599998,52.610001,52.610001,987717
10/12/2018,52.029999,52.810001,50.529999,51,51,733225
11/12/2018,50.889999,52.43,50.700001,51.650002,51.650002,665262
12/12/2018,51.950001,52.880001,50.939999,51.150002,51.150002,730810
13/12/2018,51.200001,53.27,50.349998,52.580002,52.580002,733627
14/12/2018,52.830002,52.950001,50.84,51.200001,51.200001,526839
17/12/2018,51.25,51.869999,49.009998,49.880001,49.880001,211257
18/12/2018,49.16,49.59,45.790001,46.240002,46.240002,120101
19/12/2018,45.93,48,45.93,47.200001,47.200001,817721
20/12/2018,47.389999,47.509998,45.669998,45.880001,45.880001,794130
21/12/2018,46.25,46.77,45.130001,45.59,45.59,694003
24/12/2018,null,null,null,null,null,null
26/12/2018,42.849998,47,42.52,46.220001,46.220001,698408
27/12/2018,46.580002,46.700001,44.369999,44.610001,44.610001,665590
28/12/2018,45.439999,46.220001,44.419998,45.330002,45.330002,564385
31/12/2018,45.220001,46.529999,44.73,45.41,45.41,476970
2/1/2019,45.799999,47.779999,44.349998,46.540001,46.540001,850480
3/1/2019,46.259998,47.490002,45.349998,47.09,47.09,788718
4/1/2019,46.900002,49.220001,46.650002,47.959999,47.959999,817277
7/1/2019,48.299999,49.790001,48.110001,48.52,48.52,819939
8/1/2019,48.73,49.950001,48.310001,49.779999,49.779999,765981
9/1/2019,49.799999,52.580002,49.709999,52.360001,52.360001,891922
10/1/2019,52.18,52.779999,51.369999,52.59,52.59,821782
11/1/2019,52.279999,53.310001,51.18,51.59,51.59,812339
14/1/2019,51.73,52.110001,50.380001,50.509998,50.509998,791527
15/1/2019,50.779999,52.299999,50.639999,52.110001,52.110001,664183
16/1/2019,52,52.52,51.259998,52.310001,52.310001,694182
17/1/2019,52.299999,52.580002,50.98,52.07,52.07,288560
18/1/2019,52.23,53.919998,52.09,53.799999,53.799999,193099
22/1/2019,53.73,54.240002,51.799999,52.57,52.57,951158
23/1/2019,52.950001,53.639999,51.860001,52.619999,52.619999,702866
24/1/2019,52.450001,53.470001,52.07,53.130001,53.130001,714415
25/1/2019,53.169998,53.939999,52.91,53.689999,53.689999,593385
28/1/2019,53.560001,53.639999,51.330002,51.990002,51.990002,650667
29/1/2019,52.119999,53.93,51.84,53.310001,53.310001,660527
30/1/2019,53.240002,54.93,53.09,54.23,54.23,731312
31/1/2019,54.279999,55.369999,53.619999,53.790001,53.790001,718650
1/2/2019,54.009998,55.66,53.369999,55.259998,55.259998,689566
4/2/2019,55.32,55.75,53.290001,54.560001,54.560001,622472
5/2/2019,54.860001,55.209999,53.470001,53.66,53.66,609756
6/2/2019,53.73,54.299999,52.860001,54.009998,54.009998,606720
7/2/2019,53.939999,54.209999,51.799999,52.639999,52.639999,749010
8/2/2019,52.59,52.990002,52.080002,52.720001,52.720001,621003
11/2/2019,52.66,52.779999,51.23,52.41,52.41,750242
12/2/2019,52.470001,54.049999,52.290001,53.099998,53.099998,708312
13/2/2019,53.349998,54.599998,53.27,53.900002,53.900002,706552
14/2/2019,53.959999,54.68,53.080002,54.41,54.41,623546
15/2/2019,54.48,55.869999,54.240002,55.59,55.59,276907
19/2/2019,55.779999,56.330002,55.290001,56.09,56.09,153728
20/2/2019,55.939999,57.549999,55.48,56.919998,56.919998,685111
21/2/2019,57.240002,57.610001,56.639999,56.959999,56.959999,546202
22/2/2019,56.84,57.810001,56.709999,57.259998,57.259998,513439
25/2/2019,57.169998,57.529999,55.080002,55.48,55.48,723012
26/2/2019,55.459999,56.080002,55.02,55.5,55.5,538919
27/2/2019,55.950001,57.389999,55.720001,56.939999,56.939999,577227
28/2/2019,57,57.43,56.43,57.220001,57.220001,496678
1/3/2019,57.220001,57.880001,55.57,55.799999,55.799999,684186
4/3/2019,55.830002,57,55.810001,56.59,56.59,549396
5/3/2019,56.450001,57.189999,56.09,56.560001,56.560001,538399
6/3/2019,56.279999,56.400002,55.419998,56.220001,56.220001,637677
7/3/2019,56.200001,56.990002,56.080002,56.66,56.66,628824
8/3/2019,56.43,56.509998,54.52,56.07,56.07,747358
11/3/2019,56.07,57.009998,55.959999,56.790001,56.790001,597156
12/3/2019,56.759998,57.549999,56.740002,56.869999,56.869999,652798
13/3/2019,57.09,58.48,57.009998,58.259998,58.259998,610616
14/3/2019,58.349998,58.740002,58,58.610001,58.610001,567604
15/3/2019,58.509998,58.950001,57.740002,58.52,58.52,507393
18/3/2019,58.450001,59.23,58.049999,59.09,59.09,157241
19/3/2019,59.009998,59.57,58.619999,59.029999,59.029999,114822
20/3/2019,59.02,60.119999,58.389999,59.830002,59.830002,786342
21/3/2019,59.990002,60.389999,59.66,59.98,59.98,655380
22/3/2019,59.869999,60.07,58.279999,59.040001,59.040001,738840
25/3/2019,58.98,59.349998,58.169998,58.82,58.82,705399
26/3/2019,59.119999,60.380001,59.040001,59.939999,59.939999,685988
27/3/2019,60.029999,60.220001,58.810001,59.41,59.41,732150
28/3/2019,59.400002,59.560001,58.200001,59.299999,59.299999,712209
29/3/2019,59.529999,60.73,59.41,60.139999,60.139999,705559
1/4/2019,60.240002,61.799999,60.130001,61.59,61.59,670808
2/4/2019,61.810001,62.75,61.599998,62.580002,62.580002,793227
3/4/2019,62.639999,62.990002,62.049999,62.459999,62.459999,799672
4/4/2019,62.5,62.77,61.889999,62.099998,62.099998,684973
5/4/2019,62.18,63.34,61.82,63.080002,63.080002,686862
8/4/2019,63.330002,64.480003,63.130001,64.400002,64.400002,895767
9/4/2019,64.400002,64.790001,63.68,63.98,63.98,790677
10/4/2019,64.220001,64.699997,64.050003,64.610001,64.610001,722216
11/4/2019,64.480003,64.489998,63.310001,63.580002,63.580002,760504
12/4/2019,63.709999,64.650002,63.66,63.889999,63.889999,625588
15/4/2019,63.759998,63.84,63.029999,63.400002,63.400002,555858
16/4/2019,63.57,64.370003,62.990002,64.050003,64.050003,547469
17/4/2019,64.32,64.610001,63.66,63.759998,63.759998,235376
18/4/2019,63.75,64.160004,63.459999,64,64,148238
22/4/2019,64,65.919998,64,65.699997,65.699997,763527
23/4/2019,65.75,66.599998,65.580002,66.300003,66.300003,700598
24/4/2019,66.169998,66.43,65.660004,65.889999,65.889999,678386
25/4/2019,65.809998,66.279999,64.900002,65.209999,65.209999,603001
26/4/2019,65.129997,65.18,62.279999,63.299999,63.299999,1000836
29/4/2019,62.950001,63.689999,62.459999,63.5,63.5,654076
30/4/2019,63.580002,64.75,63.299999,63.91,63.91,750494
1/5/2019,63.400002,63.93,62.77,63.599998,63.599998,676872
2/5/2019,63.610001,63.68,60.950001,61.810001,61.810001,914661
3/5/2019,61.549999,62.52,61.299999,61.939999,61.939999,646866
6/5/2019,61.43,62.950001,60.040001,62.25,62.25,768810
7/5/2019,62.169998,62.490002,60.66,61.400002,61.400002,842810
8/5/2019,61.439999,62.369999,61.07,62.119999,62.119999,791769
9/5/2019,62.02,62.209999,60.919998,61.700001,61.700001,769583
10/5/2019,61.639999,62.490002,61.419998,61.66,61.66,786494
13/5/2019,61.650002,63.330002,60.639999,61.040001,61.040001,1003106
14/5/2019,60.860001,62.110001,60.689999,61.779999,61.779999,751668
15/5/2019,61.369999,62.34,60.849998,62.02,62.02,723001
16/5/2019,62.119999,63.48,62.080002,62.869999,62.869999,545679
17/5/2019,63.119999,63.639999,62.52,62.759998,62.759998,215802
20/5/2019,63.529999,63.810001,62.450001,63.099998,63.099998,131888
21/5/2019,63.279999,63.599998,62.75,62.990002,62.990002,641680
22/5/2019,62.639999,62.779999,61.029999,61.419998,61.419998,766728
23/5/2019,61.27,61.290001,57.330002,57.91,57.91,1108052
24/5/2019,58.209999,59.099998,57.5,58.630001,58.630001,758099
28/5/2019,58.939999,59.57,58.130001,59.139999,59.139999,1020323
29/5/2019,59.07,59.139999,56.880001,58.810001,58.810001,1124959
30/5/2019,59.119999,59.700001,56.330002,56.59,56.59,842281
31/5/2019,56.459999,56.610001,53.049999,53.5,53.5,1031488
3/6/2019,53.419998,54.630001,52.110001,53.25,53.25,984308
4/6/2019,52.889999,53.779999,52.43,53.48,53.48,831625
5/6/2019,52.860001,53.41,50.599998,51.68,51.68,943186
6/6/2019,51.66,53.299999,51.169998,52.59,52.59,790067
7/6/2019,53.099998,54.32,52.619999,53.990002,53.990002,828133
10/6/2019,54.240002,54.84,53.049999,53.259998,53.259998,687146
11/6/2019,53.43,54.040001,52.91,53.27,53.27,642940
12/6/2019,53.040001,53.049999,50.720001,51.139999,51.139999,786105
13/6/2019,51.07,53.450001,50.919998,52.279999,52.279999,945024
14/6/2019,52.18,52.98,51.700001,52.509998,52.509998,574229
17/6/2019,52.5,52.740002,51.580002,51.93,51.93,397868
18/6/2019,51.950001,54.310001,51.5,53.900002,53.900002,181640
19/6/2019,54.09,54.419998,53.279999,53.759998,53.759998,122838
20/6/2019,54.119999,57.02,54.110001,56.650002,56.650002,854514
21/6/2019,57.259998,57.98,56.66,57.43,57.43,676047
24/6/2019,57.720001,58.220001,56.75,57.900002,57.900002,597164
25/6/2019,57.740002,58.84,57.200001,57.830002,57.830002,673140
26/6/2019,58.84,59.93,58.650002,59.380001,59.380001,686817
27/6/2019,59.27,59.73,58.610001,59.43,59.43,531405
28/6/2019,59.220001,59.799999,57.75,58.470001,58.470001,556101
1/7/2019,59.27,60.279999,58.34,59.09,59.09,674887
2/7/2019,59.139999,59.43,56.09,56.25,56.25,878938
3/7/2019,null,null,null,null,null,null
5/7/2019,57.380001,57.82,56.290001,57.509998,57.509998,698015
8/7/2019,57.77,58.459999,57.299999,57.66,57.66,540861
9/7/2019,57.560001,59.099998,57.290001,57.830002,57.830002,551872
10/7/2019,58.400002,60.529999,58.349998,60.43,60.43,690656
11/7/2019,60.439999,60.939999,60.139999,60.200001,60.200001,573019
12/7/2019,60.459999,60.740002,59.93,60.209999,60.209999,469029
15/7/2019,60.25,60.919998,59.200001,59.580002,59.580002,566818
16/7/2019,59.259998,60.060001,57.07,57.619999,57.619999,712540
17/7/2019,57.52,58.360001,56.209999,56.779999,56.779999,504432
18/7/2019,56.599998,57.32,54.720001,55.299999,55.299999,215361
19/7/2019,55.720001,56.360001,54.990002,55.630001,55.630001,105217
22/7/2019,56.220001,56.84,55.720001,56.220001,56.220001,619483
23/7/2019,56.169998,57.470001,55.740002,56.77,56.77,521876
24/7/2019,57.23,57.639999,55.330002,55.880001,55.880001,745248
25/7/2019,55.900002,56.990002,55.810001,56.02,56.02,559282
26/7/2019,55.93,56.57,55.68,56.200001,56.200001,476785
29/7/2019,56.200001,57.099998,55.810001,56.869999,56.869999,529742
30/7/2019,57.07,58.470001,56.959999,58.049999,58.049999,547401
31/7/2019,58.34,58.82,57.810001,58.580002,58.580002,614001
1/8/2019,57.849998,57.990002,53.59,53.950001,53.950001,886748
2/8/2019,54.540001,56.049999,54.150002,55.66,55.66,739810
5/8/2019,55.380001,55.610001,54.220001,54.689999,54.689999,823844
6/8/2019,54.950001,55.419998,53.290001,53.630001,53.630001,682794
7/8/2019,53.419998,53.77,50.52,51.09,51.09,1063214
8/8/2019,52.330002,53.060001,51.939999,52.540001,52.540001,724762
9/8/2019,52.880001,54.919998,52.369999,54.5,54.5,726386
12/8/2019,54.32,55.18,53.540001,54.93,54.93,611027
13/8/2019,54.73,57.470001,54.209999,57.099998,57.099998,783486
14/8/2019,56.740002,56.849998,53.970001,55.23,55.23,718293
15/8/2019,54.900002,55.330002,53.77,54.470001,54.470001,527866
16/8/2019,54.740002,55.669998,54.259998,54.869999,54.869999,168345
19/8/2019,54.959999,56.41,54.84,56.209999,56.209999,113571
20/8/2019,56.099998,56.599998,55.279999,56.34,56.34,659258
21/8/2019,56.049999,57.130001,55.549999,55.68,55.68,704035
22/8/2019,55.939999,56.459999,54.849998,55.349998,55.349998,621573
23/8/2019,55.349998,55.599998,53.240002,54.169998,54.169998,807151
26/8/2019,53.25,55.259998,52.959999,53.639999,53.639999,679022
27/8/2019,53.759998,55.720001,53.689999,54.93,54.93,596624
28/8/2019,55.709999,56.75,55.34,55.779999,55.779999,674048
29/8/2019,55.880001,56.889999,55.43,56.709999,56.709999,630760
30/8/2019,56.630001,56.720001,54.549999,55.099998,55.099998,708268
3/9/2019,55,55.240002,52.84,53.939999,53.939999,970804
4/9/2019,53.919998,56.580002,53.84,56.259998,56.259998,682298
5/9/2019,55.950001,57.759998,55.75,56.299999,56.299999,712466
6/9/2019,56.189999,56.950001,54.830002,56.52,56.52,714294
9/9/2019,56.799999,58.16,56.580002,57.849998,57.849998,646993
10/9/2019,58.029999,58.759998,57.200001,57.400002,57.400002,755472
11/9/2019,57.889999,58.299999,55.610001,55.75,55.75,858772
12/9/2019,55.93,56.34,54,55.09,55.09,845977
13/9/2019,55.150002,55.68,54.439999,54.849998,54.849998,599470
16/9/2019,61.48,63.380001,58.77,62.900002,62.900002,1404916
17/9/2019,61.959999,62.59,58.459999,59.34,59.34,993237
18/9/2019,58.810001,59.43,57.669998,58.110001,58.110001,216961
19/9/2019,58.200001,59.540001,58.009998,58.130001,58.130001,112327
20/9/2019,58.650002,59.099998,57.790001,58.09,58.09,576019
23/9/2019,59.25,59.389999,57.369999,58.639999,58.639999,526785
24/9/2019,58.439999,58.490002,56.689999,57.290001,57.290001,591529
25/9/2019,56.700001,57.02,55.549999,56.490002,56.490002,563550
26/9/2019,56.689999,56.84,55.41,56.41,56.41,599653
27/9/2019,56.509998,56.759998,54.75,55.91,55.91,712966
30/9/2019,56.540001,56.57,53.98,54.07,54.07,532522
1/10/2019,54.279999,54.84,53.049999,53.619999,53.619999,589176
2/10/2019,54,54.419998,52.169998,52.639999,52.639999,590306
3/10/2019,52.470001,52.91,50.990002,52.450001,52.450001,642466
4/10/2019,52.290001,53.349998,52.040001,52.810001,52.810001,541104
7/10/2019,52.689999,54.060001,52.59,52.75,52.75,549019
8/10/2019,52.810001,53.27,51.810001,52.630001,52.630001,658324
9/10/2019,52.57,53.740002,52.310001,52.59,52.59,632666
10/10/2019,52.689999,53.970001,51.380001,53.549999,53.549999,613944
11/10/2019,53.880001,54.93,53.639999,54.700001,54.700001,467643
14/10/2019,54.900002,54.900002,52.77,53.59,53.59,467643
15/10/2019,53.509998,53.790001,52.389999,52.810001,52.810001,511249
16/10/2019,52.919998,53.740002,52.52,53.360001,53.360001,451643
17/10/2019,52.990002,54.16,52.619999,53.93,53.93,418422
18/10/2019,54.09,54.619999,53.349998,53.779999,53.779999,174477
21/10/2019,53.709999,54.029999,52.709999,53.310001,53.310001,95979
22/10/2019,53.389999,54.619999,53.099998,54.16,54.16,506573
23/10/2019,54.299999,56.07,53.619999,55.970001,55.970001,620202
24/10/2019,55.900002,56.509998,55.41,56.23,56.23,480764
25/10/2019,56.07,56.740002,55.599998,56.66,56.66,445020
28/10/2019,56.650002,56.919998,55.580002,55.810001,55.810001,437020
29/10/2019,55.799999,55.91,54.610001,55.540001,55.540001,521457
30/10/2019,55.529999,55.73,54.419998,55.060001,55.060001,659328
31/10/2019,54.900002,55.59,53.709999,54.18,54.18,677419
1/11/2019,54.150002,56.330002,54.07,56.200001,56.200001,538117
4/11/2019,56.41,57.43,55.830002,56.540001,56.540001,580350
5/11/2019,56.560001,57.5,56.299999,57.23,57.23,435319
6/11/2019,57.259998,57.849998,56.110001,56.349998,56.349998,623258
7/11/2019,56.349998,57.880001,56.27,57.150002,57.150002,678165
8/11/2019,57.080002,57.48,55.759998,57.240002,57.240002,636941
11/11/2019,57.400002,57.400002,56.25,56.860001,56.860001,498981
12/11/2019,56.889999,57.549999,56.540001,56.799999,56.799999,586568
13/11/2019,56.790001,57.529999,56.200001,57.119999,57.119999,547635
14/11/2019,57.389999,57.790001,56.630001,56.77,56.77,516832
15/11/2019,56.91,57.970001,56.43,57.720001,57.720001,375993
18/11/2019,57.880001,58.09,56.549999,57.049999,57.049999,159328
19/11/2019,56.900002,57.110001,55.040001,55.209999,55.209999,121214
20/11/2019,55.16,57.25,54.759998,57.110001,57.110001,674891
21/11/2019,57,58.669998,56.599998,58.580002,58.580002,593533
22/11/2019,58.310001,58.740002,57.5,57.77,57.77,508244
25/11/2019,57.919998,58.150002,57.209999,58.009998,58.009998,420642
26/11/2019,57.919998,58.560001,57.759998,58.41,58.41,443816
27/11/2019,58.27,58.68,57.509998,58.110001,58.110001,454256
29/11/2019,null,null,null,null,null,null
2/12/2019,55.470001,56.669998,55.419998,55.959999,55.959999,616423
3/12/2019,55.959999,56.799999,55.349998,56.099998,56.099998,560554
4/12/2019,56.43,58.66,56.279999,58.43,58.43,760541
5/12/2019,58.360001,59.119999,58.099998,58.43,58.43,649461
6/12/2019,58.32,59.849998,57.700001,59.200001,59.200001,679609
9/12/2019,59.110001,59.25,58.23,59.02,59.02,511561
10/12/2019,58.919998,59.52,58.52,59.240002,59.240002,566822
11/12/2019,59.060001,59.220001,58.110001,58.759998,58.759998,589650
12/12/2019,58.880001,59.720001,58.75,59.18,59.18,530851
13/12/2019,59.360001,60.48,59.27,60.07,60.07,512288
16/12/2019,59.869999,60.34,59.709999,60.209999,60.209999,347395
17/12/2019,60.23,61.060001,60.029999,60.939999,60.939999,163744
18/12/2019,60.549999,61.18,60.32,60.93,60.93,131071
19/12/2019,60.860001,61.470001,60.790001,61.220001,61.220001,426341
20/12/2019,61.110001,61.200001,60.02,60.439999,60.439999,552517
23/12/2019,60.41,60.77,60.099998,60.52,60.52,314711
24/12/2019,null,null,null,null,null,null
26/12/2019,61.200001,61.830002,61.060001,61.68,61.68,265091
27/12/2019,61.73,61.970001,61.240002,61.720001,61.720001,351899
30/12/2019,61.709999,62.34,61.09,61.68,61.68,427149
31/12/2019,61.68,61.880001,60.630001,61.060001,61.060001,494535
2/1/2020,61.599998,61.599998,60.639999,61.18,61.18,486873
3/1/2020,61.18,64.089996,61.130001,63.049999,63.049999,885861
6/1/2020,63.709999,64.720001,62.639999,63.27,63.27,724236
7/1/2020,62.91,63.150002,62.110001,62.700001,62.700001,582649
8/1/2020,62.84,65.650002,59.150002,59.610001,59.610001,1205710
9/1/2020,59.990002,60.310001,58.66,59.560001,59.560001,750933
10/1/2020,59.610001,59.779999,58.849998,59.040001,59.040001,596186
13/1/2020,59.040001,59.27,57.91,58.080002,58.080002,584002
14/1/2020,58.029999,58.720001,57.720001,58.23,58.23,507714
15/1/2020,58.200001,58.360001,57.360001,57.810001,57.810001,433169
16/1/2020,58.099998,58.869999,57.560001,58.52,58.52,182871
17/1/2020,58.59,58.98,58.27,58.540001,58.540001,122561
21/1/2020,59.169998,59.73,57.68,58.34,58.34,648335
22/1/2020,58.259998,58.380001,56.029999,56.740002,56.740002,620119
23/1/2020,56.110001,56.27,54.77,55.59,55.59,703995
24/1/2020,55.689999,55.950001,53.849998,54.189999,54.189999,586195
27/1/2020,53.700001,53.709999,52.130001,53.139999,53.139999,712880
28/1/2020,52.77,54.060001,52.68,53.48,53.48,633963
29/1/2020,53.970001,54.369999,52.810001,53.330002,53.330002,624979
30/1/2020,53.09,53.200001,51.66,52.139999,52.139999,720123
31/1/2020,52.919998,53.360001,50.970001,51.560001,51.560001,827907
3/2/2020,51.009998,51.970001,49.799999,50.110001,50.110001,876044
4/2/2020,49.939999,51.549999,49.310001,49.610001,49.610001,859357
5/2/2020,49.509998,51.880001,49.470001,50.75,50.75,887946
6/2/2020,51.169998,52.200001,50.240002,50.950001,50.950001,750659
7/2/2020,51.110001,51.48,50.09,50.32,50.32,768345
10/2/2020,50.119999,50.490002,49.419998,49.57,49.57,715894
11/2/2020,49.610001,50.689999,49.580002,49.939999,49.939999,725733
12/2/2020,49.959999,51.73,49.950001,51.169998,51.169998,795256
13/2/2020,51.720001,51.959999,50.599998,51.419998,51.419998,745400
14/2/2020,51.509998,52.34,51.32,52.049999,52.049999,607343
18/2/2020,52.23,52.41,50.880001,52.049999,52.049999,221774
19/2/2020,52.119999,53.66,51.93,53.290001,53.290001,113683
20/2/2020,53.5,54.5,53.220001,53.779999,53.779999,676179
21/2/2020,53.740002,53.860001,52.549999,53.380001,53.380001,707555
24/2/2020,52.599998,52.639999,50.450001,51.43,51.43,765515
25/2/2020,51.369999,52.02,49.689999,49.900002,49.900002,764989
26/2/2020,50.080002,50.439999,48.299999,48.73,48.73,884482
27/2/2020,48.630001,48.779999,45.880001,47.09,47.09,1011915
28/2/2020,46.490002,47.029999,43.849998,44.759998,44.759998,1101659
2/3/2020,43.700001,47.560001,43.32,46.75,46.75,949471
3/3/2020,47.720001,48.66,46.470001,47.18,47.18,1011933
4/3/2020,46.939999,48.41,46.650002,46.779999,46.779999,745856
5/3/2020,47.130001,47.57,45.650002,45.900002,45.900002,704591
6/3/2020,46.09,46.380001,41.049999,41.279999,41.279999,1276180
9/3/2020,32.869999,34.880001,27.34,31.129999,31.129999,1774383
10/3/2020,30.370001,35.02,30.200001,34.360001,34.360001,1064632
11/3/2020,34.619999,36.349998,32.560001,32.98,32.98,874646
12/3/2020,33.07,33.630001,30.02,31.5,31.5,1025036
13/3/2020,30.77,33.869999,30.33,31.73,31.73,743129
16/3/2020,33.75,33.75,28.1,28.700001,28.700001,698829
17/3/2020,28.690001,30.299999,26.629999,26.950001,26.950001,545820
18/3/2020,26.940001,27.219999,20.059999,20.370001,20.370001,309481
19/3/2020,22.299999,27.709999,21.360001,25.219999,25.219999,136722
20/3/2020,24.73,27.889999,19.459999,22.43,22.43,1133808
23/3/2020,22.52,24.07,20.799999,23.360001,23.360001,852951
24/3/2020,23.870001,25.16,23.09,24.01,24.01,659697
25/3/2020,24.370001,25.24,22.91,24.49,24.49,618725
26/3/2020,24.25,24.65,22.379999,22.6,22.6,633877
27/3/2020,23.290001,23.440001,20.879999,21.51,21.51,603124
30/3/2020,20.93,20.93,19.27,20.09,20.09,758711
31/3/2020,20.23,21.889999,20.01,20.48,20.48,660082
1/4/2020,20.1,21.549999,19.9,20.309999,20.309999,703286
2/4/2020,21.219999,27.389999,20.76,25.32,25.32,1095972
3/4/2020,24.809999,29.129999,23.52,28.34,28.34,1007577
6/4/2020,26.09,28.24,25.280001,26.08,26.08,752710
7/4/2020,26.34,27.24,23.540001,23.629999,23.629999,797707
8/4/2020,24.299999,26.450001,23.74,25.09,25.09,823554
9/4/2020,26.280001,28.360001,22.57,22.76,22.76,1122149
13/4/2020,24.6,24.74,22.030001,22.41,22.41,775120
14/4/2020,22.360001,23.08,19.950001,20.110001,20.110001,785478
15/4/2020,20.719999,20.889999,19.200001,19.870001,19.870001,544797
16/4/2020,20.15,20.530001,19.42,19.870001,19.870001,350942
17/4/2020,20,20.219999,17.309999,18.27,18.27,240628
20/4/2020,17.73,17.85,-40.32,-37.630001,-37.630001,247947
21/4/2020,-14,13.86,-16.74,10.01,10.01,2288230
22/4/2020,13.12,16.18,10.26,13.78,13.78,1235218
23/4/2020,14.2,18.26,13.35,16.5,16.5,833584
24/4/2020,16.780001,17.969999,15.64,16.940001,16.940001,600220
27/4/2020,16.84,16.98,11.88,12.78,12.78,623201
28/4/2020,12.96,13.69,10.07,12.34,12.34,897087
29/4/2020,13.35,16.780001,12.67,15.06,15.06,554134
30/4/2020,15.64,19.440001,15.45,18.84,18.84,545344
1/5/2020,19.040001,20.48,18.07,19.780001,19.780001,403201
4/5/2020,19.110001,21.42,18.049999,20.389999,20.389999,311488
5/5/2020,21.24,25.49,21.129999,24.559999,24.559999,387240
6/5/2020,25.52,26.08,22.58,23.99,23.99,381165
7/5/2020,24.09,26.74,22.940001,23.549999,23.549999,310261
8/5/2020,23.35,24.99,23.26,24.74,24.74,205181
11/5/2020,24.49,25.58,23.67,24.139999,24.139999,179591
12/5/2020,24.49,26.23,24.219999,25.780001,25.780001,212335
13/5/2020,25.299999,26.450001,24.790001,25.290001,25.290001,150864
14/5/2020,25.559999,27.959999,25.18,27.559999,27.559999,160507
15/5/2020,27.639999,29.92,27.24,29.43,29.43,108016
18/5/2020,29.530001,33.32,29.530001,31.82,31.82,89376
19/5/2020,32.830002,33.439999,31.34,32.5,32.5,430823
20/5/2020,31.889999,33.779999,31.559999,33.490002,33.490002,406431
21/5/2020,33.529999,34.66,33.259998,33.919998,33.919998,372814
22/5/2020,33.950001,34,30.719999,33.25,33.25,429036
26/5/2020,33.299999,34.810001,32.48,34.349998,34.349998,466737
27/5/2020,34.139999,34.32,31.75,32.810001,32.810001,415246
28/5/2020,32.099998,34.209999,31.139999,33.709999,33.709999,440168
29/5/2020,33.68,35.77,32.360001,35.490002,35.490002,443647
1/6/2020,35.209999,35.900002,34.27,35.439999,35.439999,385710
2/6/2020,35.560001,37.060001,35.279999,36.810001,36.810001,343483
3/6/2020,36.860001,38.18,35.880001,37.290001,37.290001,494253
4/6/2020,36.759998,37.619999,36.380001,37.41,37.41,307612
5/6/2020,37.330002,39.68,37.049999,39.549999,39.549999,396856
8/6/2020,39.41,40.439999,37.959999,38.189999,38.189999,416639
9/6/2020,38.220001,39.099998,37.07,38.939999,38.939999,396033
10/6/2020,38.5,39.91,37.73,39.599998,39.599998,385868
11/6/2020,39.09,39.09,35.41,36.34,36.34,513912
12/6/2020,36.259998,36.990002,34.48,36.259998,36.259998,406508
15/6/2020,36.029999,37.259998,34.360001,37.119999,37.119999,387546
16/6/2020,37.049999,39.060001,36.380001,38.380001,38.380001,366323
17/6/2020,37.93,38.75,37.209999,37.959999,37.959999,239516
18/6/2020,37.740002,38.970001,37.110001,38.84,38.84,113384
19/6/2020,38.849998,40.490002,38.400002,39.75,39.75,64113
22/6/2020,39.18,40.700001,39.119999,40.459999,40.459999,315264
23/6/2020,40.68,41.630001,39.759998,40.369999,40.369999,368730
24/6/2020,39.990002,40.540001,37.310001,38.009998,38.009998,499490
25/6/2020,38.049999,39.23,37.080002,38.720001,38.720001,451640
26/6/2020,39.09,39.349998,37.790001,38.490002,38.490002,356712
29/6/2020,37.959999,39.889999,37.5,39.700001,39.700001,343913
30/6/2020,39.639999,40.080002,38.849998,39.27,39.27,370059
1/7/2020,39.84,40.580002,39.049999,39.82,39.82,407170
2/7/2020,39.779999,40.740002,39.459999,40.650002,40.650002,347096
6/7/2020,40.380001,41.080002,39.84,40.630001,40.630001,373236
7/7/2020,40.68,40.950001,39.900002,40.619999,40.619999,256596
8/7/2020,40.48,41.080002,40.299999,40.900002,40.900002,286740
9/7/2020,40.869999,40.990002,39.27,39.619999,39.619999,367386
10/7/2020,39.580002,40.77,38.540001,40.549999,40.549999,393149
13/7/2020,40.349998,40.720001,39.470001,40.099998,40.099998,370715
14/7/2020,39.599998,40.57,39.07,40.290001,40.290001,426971
15/7/2020,40.549999,41.259998,40.080002,41.200001,41.200001,352542
16/7/2020,40.970001,41.18,40.52,40.75,40.75,200101
17/7/2020,40.720001,40.900002,40.02,40.59,40.59,88220
20/7/2020,40.639999,40.91,39.830002,40.810001,40.810001,60179
21/7/2020,40.650002,42.400002,40.639999,41.959999,41.959999,389117
22/7/2020,41.540001,42.029999,41.139999,41.900002,41.900002,333647
23/7/2020,41.950001,42.360001,40.830002,41.07,41.07,389412
24/7/2020,41.060001,41.669998,40.66,41.290001,41.290001,353159
27/7/2020,41.259998,41.82,40.48,41.599998,41.599998,377714
28/7/2020,41.650002,41.93,40.849998,41.040001,41.040001,276804
29/7/2020,41.130001,41.57,40.93,41.27,41.27,295855
30/7/2020,41.32,41.389999,38.720001,39.919998,39.919998,487325
31/7/2020,40.34,40.549999,39.66,40.27,40.27,318788
3/8/2020,40.389999,41.240002,39.580002,41.009998,41.009998,338326
4/8/2020,40.779999,42.080002,40.139999,41.700001,41.700001,451575
5/8/2020,41.560001,43.52,41.470001,42.189999,42.189999,491268
6/8/2020,42.189999,42.650002,41.610001,41.950001,41.950001,359610
7/8/2020,41.970001,42.220001,41.060001,41.220001,41.220001,398997
10/8/2020,41.5,42.330002,41.169998,41.939999,41.939999,367796
11/8/2020,41.98,42.939999,41.48,41.610001,41.610001,432843
12/8/2020,41.619999,42.900002,41.529999,42.669998,42.669998,397831
13/8/2020,42.57,42.84,42.09,42.240002,42.240002,329507
14/8/2020,42.330002,42.57,41.619999,42.009998,42.009998,310866
17/8/2020,42.240002,42.970001,41.799999,42.889999,42.889999,208429
18/8/2020,42.790001,42.990002,42.110001,42.889999,42.889999,111628
19/8/2020,42.599998,43.029999,42.360001,42.93,42.93,81299
20/8/2020,42.740002,42.790001,41.5,42.580002,42.580002,377070
21/8/2020,42.75,42.959999,41.459999,42.34,42.34,345368
24/8/2020,42.48,42.889999,42.23,42.619999,42.619999,294731
25/8/2020,42.360001,43.57,42.310001,43.349998,43.349998,330800
26/8/2020,43.389999,43.779999,43,43.389999,43.389999,262243
27/8/2020,43.450001,43.5,42.360001,43.040001,43.040001,320968
28/8/2020,42.98,43.419998,42.689999,42.970001,42.970001,272800
31/8/2020,42.91,43.57,42.560001,42.610001,42.610001,236877
1/9/2020,42.830002,43.43,42.720001,42.759998,42.759998,285146
2/9/2020,43.02,43.209999,41.23,41.509998,41.509998,421771
3/9/2020,41.630001,41.790001,40.220001,41.369999,41.369999,417634
4/9/2020,41.25,41.869999,39.349998,39.77,39.77,444184
8/9/2020,39.48,39.59,36.130001,36.759998,36.759998,720975
9/9/2020,36.790001,38.450001,36.16,38.049999,38.049999,455356
10/9/2020,37.799999,38.18,36.93,37.299999,37.299999,367555
11/9/2020,37.009998,37.82,36.669998,37.330002,37.330002,363787
14/9/2020,37.32,37.68,36.82,37.259998,37.259998,347563
15/9/2020,37.279999,38.57,37.060001,38.279999,38.279999,348861
16/9/2020,38.349998,40.34,38.349998,40.16,40.16,367612
17/9/2020,40.189999,41.220001,39.419998,40.970001,40.970001,280669
18/9/2020,40.970001,41.490002,40.299999,41.110001,41.110001,85906
21/9/2020,40.98,41.27,38.66,39.310001,39.310001,66195
22/9/2020,39.630001,40.02,39,39.599998,39.599998,287807
23/9/2020,39.759998,40.75,39.259998,39.93,39.93,318754
24/9/2020,39.599998,40.369999,39.119999,40.310001,40.310001,269992
25/9/2020,40.150002,40.639999,39.709999,40.25,40.25,229025
28/9/2020,40.07,40.799999,39.779999,40.599998,40.599998,226425
29/9/2020,40.580002,40.700001,38.41,39.290001,39.290001,379599
30/9/2020,39.16,40.369999,38.68,40.220001,40.220001,340294
1/10/2020,39.900002,40.470001,37.610001,38.720001,38.720001,443442
2/10/2020,38.599998,38.650002,36.630001,37.049999,37.049999,391428
5/10/2020,37,39.720001,37,39.220001,39.220001,378579
6/10/2020,39.349998,40.860001,39.099998,40.669998,40.669998,400531
7/10/2020,39.830002,40.349998,39.279999,39.950001,39.950001,433065
8/10/2020,39.990002,41.330002,39.759998,41.189999,41.189999,409787
9/10/2020,41.310001,41.470001,40.380001,40.599998,40.599998,331703
12/10/2020,40.400002,40.450001,39.040001,39.43,39.43,322035
13/10/2020,39.529999,40.529999,39.349998,40.200001,40.200001,375470
14/10/2020,40.189999,41.16,39.82,41.040001,41.040001,328295
15/10/2020,41.130001,41.290001,39.220001,40.959999,40.959999,248251
16/10/2020,40.880001,41.049999,40.080002,40.880001,40.880001,96488
19/10/2020,40.689999,41.220001,40.540001,40.830002,40.830002,75335
20/10/2020,40.650002,41.700001,40.25,41.459999,41.459999,360574
21/10/2020,41.220001,41.59,39.779999,40.029999,40.029999,366899
22/10/2020,40.040001,41.02,39.709999,40.639999,40.639999,307494
23/10/2020,40.610001,40.919998,39.57,39.849998,39.849998,268931
26/10/2020,39.689999,39.740002,38.279999,38.560001,38.560001,360184
27/10/2020,38.59,39.830002,38.509998,39.57,39.57,339535
28/10/2020,38.970001,39.009998,36.970001,37.389999,37.389999,489954
29/10/2020,37.389999,37.759998,34.919998,36.169998,36.169998,568816
30/10/2020,36.07,36.599998,35.209999,35.790001,35.790001,388971
2/11/2020,35.240002,37.150002,33.639999,36.810001,36.810001,489204
3/11/2020,37.029999,38.32,36.57,37.66,37.66,410611
4/11/2020,38.150002,39.25,37.259998,39.150002,39.150002,437000
5/11/2020,39.169998,39.349998,38.27,38.790001,38.790001,298366
6/11/2020,38.540001,38.610001,37.060001,37.139999,37.139999,411026
9/11/2020,37.34,41.330002,37.16,40.290001,40.290001,622921
10/11/2020,39.91,41.84,39.41,41.360001,41.360001,457045
11/11/2020,41.790001,43.060001,41.32,41.450001,41.450001,443772
12/11/2020,41.470001,42.189999,40.869999,41.119999,41.119999,401031
13/11/2020,40.939999,40.939999,40.060001,40.130001,40.130001,338187
16/11/2020,40.169998,42.09,40.150002,41.34,41.34,378785
17/11/2020,41.439999,41.689999,40.57,41.43,41.43,243677
18/11/2020,41.349998,42.459999,41.080002,41.82,41.82,107013
19/11/2020,41.610001,41.98,41.080002,41.740002,41.740002,88144
20/11/2020,41.700001,42.32,41.509998,42.150002,42.150002,276340
23/11/2020,42.459999,43.360001,42.290001,43.060001,43.060001,300717
24/11/2020,42.84,45.200001,42.82,44.91,44.91,418527
25/11/2020,44.82,46.259998,44.73,45.709999,45.709999,417182
27/11/2020,null,null,null,null,null,null
30/11/2020,45.34,45.799999,44.419998,45.34,45.34,370755
1/12/2020,45.080002,45.700001,44.119999,44.549999,44.549999,314919
2/12/2020,44.380001,45.919998,43.919998,45.279999,45.279999,368854
3/12/2020,44.990002,45.84,44.66,45.639999,45.639999,350768
4/12/2020,45.639999,46.68,45.610001,46.259998,46.259998,335453
7/12/2020,46.150002,46.540001,45.360001,45.759998,45.759998,348871
8/12/2020,45.66,45.93,45.139999,45.599998,45.599998,332641
9/12/2020,45.599998,46.240002,44.950001,45.52,45.52,434976
10/12/2020,45.689999,47.740002,45.52,46.779999,46.779999,447529
11/12/2020,46.970001,47.290001,46.34,46.57,46.57,367305
14/12/2020,46.73,47.439999,45.689999,46.990002,46.990002,403543
15/12/2020,46.990002,47.73,46.540001,47.619999,47.619999,311169
16/12/2020,47.599998,47.939999,47.169998,47.82,47.82,275331
17/12/2020,47.849998,48.59,47.810001,48.360001,48.360001,96536
18/12/2020,48.43,49.279999,48.099998,49.099998,49.099998,83711
21/12/2020,48.540001,48.610001,46.18,47.740002,47.740002,478098
22/12/2020,47.93,47.959999,46.599998,47.02,47.02,295737
23/12/2020,46.790001,48.5,46.16,48.119999,48.119999,344306
24/12/2020,null,null,null,null,null,null
28/12/2020,48.23,48.959999,47.5,47.619999,47.619999,238462
29/12/2020,47.720001,48.349998,47.68,48,48,213778
30/12/2020,48.130001,48.66,47.610001,48.400002,48.400002,266957
31/12/2020,48.349998,48.580002,47.77,48.52,48.52,181894
4/1/2021,48.400002,49.830002,47.18,47.619999,47.619999,528525
5/1/2021,47.380001,50.200001,47.240002,49.93,49.93,643191
6/1/2021,49.82,50.939999,49.48,50.630001,50.630001,509365
7/1/2021,50.529999,51.279999,50.389999,50.830002,50.830002,369292
8/1/2021,50.93,52.75,50.810001,52.240002,52.240002,499416
11/1/2021,52.580002,52.700001,51.5,52.25,52.25,394822
12/1/2021,52.18,53.450001,52.07,53.209999,53.209999,400200
13/1/2021,53.310001,53.93,52.580002,52.91,52.91,429898
14/1/2021,52.84,53.75,52.240002,53.57,53.57,390087
15/1/2021,53.799999,53.830002,51.830002,52.360001,52.360001,165668
19/1/2021,52,53.130001,51.759998,52.98,52.98,125964
20/1/2021,53.130001,53.790001,53.049999,53.240002,53.240002,400301
21/1/2021,52.93,53.41,52.75,53.130001,53.130001,352397
22/1/2021,53.099998,53.16,51.439999,52.27,52.27,437484
25/1/2021,52.169998,52.950001,51.82,52.77,52.77,349076
26/1/2021,52.91,53.25,52.290001,52.610001,52.610001,314538
27/1/2021,52.759998,53.299999,51.849998,52.849998,52.849998,442376
28/1/2021,52.650002,53.580002,52.040001,52.34,52.34,411406
29/1/2021,52.150002,53.25,51.93,52.200001,52.200001,410914
1/2/2021,51.990002,53.740002,51.639999,53.549999,53.549999,416067
2/2/2021,53.48,55.259998,53.450001,54.759998,54.759998,463718
3/2/2021,55.049999,56.330002,54.810001,55.689999,55.689999,448693
4/2/2021,55.959999,56.580002,55.299999,56.23,56.23,381404
5/2/2021,56.459999,57.290001,56.43,56.849998,56.849998,400833
8/2/2021,57.060001,58.139999,57,57.970001,57.970001,399724
9/2/2021,58.110001,58.619999,57.27,58.360001,58.360001,514698
10/2/2021,58.450001,58.91,58.080002,58.68,58.68,457535
11/2/2021,58.400002,58.709999,57.84,58.240002,58.240002,380445
12/2/2021,57.939999,59.82,57.41,59.470001,59.470001,480822
16/2/2021,59.98,60.950001,59.330002,60.049999,60.049999,602332
17/2/2021,60.240002,61.73,59.43,61.139999,61.139999,335419
18/2/2021,61.68,62.259998,59.790001,60.52,60.52,132035
19/2/2021,60.200001,60.290001,58.59,59.240002,59.240002,102427
22/2/2021,58.880001,61.84,58.82,61.490002,61.490002,505773
23/2/2021,62.16,63,60.669998,61.669998,61.669998,570677
24/2/2021,61.290001,63.509998,60.970001,63.220001,63.220001,489933
25/2/2021,63.389999,63.810001,62.650002,63.529999,63.529999,510357
26/2/2021,63.459999,63.57,61.34,61.5,61.5,472723
1/3/2021,61.950001,62.919998,59.959999,60.639999,60.639999,456679
2/3/2021,60.23,61.209999,59.380001,59.75,59.75,464133
3/3/2021,59.549999,61.990002,59.240002,61.279999,61.279999,465311
4/3/2021,61.080002,64.860001,60.52,63.830002,63.830002,694628
5/3/2021,64.160004,66.419998,63.82,66.089996,66.089996,573168
8/3/2021,66.68,67.980003,64.57,65.050003,65.050003,533376
9/3/2021,64.730003,65.980003,63.630001,64.010002,64.010002,554564
10/3/2021,63.84,64.959999,63.130001,64.440002,64.440002,498488
11/3/2021,64.699997,66.209999,64.540001,66.019997,66.019997,441063
12/3/2021,65.959999,66.239998,65.410004,65.610001,65.610001,321714
15/3/2021,65.559998,66.400002,64.129997,65.389999,65.389999,378009
16/3/2021,65.330002,65.43,63.799999,64.800003,64.800003,317537
17/3/2021,64.75,65.339996,63.599998,64.599998,64.599998,254724
18/3/2021,64.419998,64.82,58.200001,60,60,143597
19/3/2021,59.560001,61.720001,58.939999,61.419998,61.419998,84171
22/3/2021,61.549999,61.900002,60.389999,61.549999,61.549999,404370
23/3/2021,61.279999,61.349998,57.25,57.759998,57.759998,712317
24/3/2021,57.400002,61.34,57.290001,61.18,61.18,566291
25/3/2021,60.799999,60.860001,57.439999,58.560001,58.560001,580105
26/3/2021,58.48,61.360001,58.32,60.970001,60.970001,471996
29/3/2021,60.93,61.77,59.41,61.560001,61.560001,449360
30/3/2021,61.959999,62.27,59.939999,60.549999,60.549999,388188
31/3/2021,60.450001,61.169998,58.849998,59.16,59.16,414162
1/4/2021,59.490002,61.75,58.860001,61.450001,61.450001,605567
2/4/2021,61.450001,61.450001,61.450001,61.450001,61.450001,605567
5/4/2021,61.5,61.5,57.630001,58.650002,58.650002,438864
6/4/2021,58.799999,60.900002,58.619999,59.330002,59.330002,457348
7/4/2021,59.259998,60.040001,58.119999,59.77,59.77,475537
8/4/2021,59.52,59.93,58.82,59.599998,59.599998,475537
